{
  "start_time": 1775739517.1848938,
  "provider": "claude",
  "finish_time": 1775740661.562342,
  "total_events": 14996,
  "event_counts": {
    "calls": 592,
    "sms": 706,
    "notifications": 10961
  },
  "personas": [
    "오다온",
    "김찬영",
    "박수지"
  ],
  "elapsed_seconds": 1144.3780360221863
}