{
  "start_time": 1775737652.796865,
  "provider": "claude",
  "finish_time": 1775738746.971074,
  "total_events": 14939,
  "event_counts": {
    "calls": 593,
    "sms": 639,
    "notifications": 10975
  },
  "personas": [
    "이서연",
    "김윤호",
    "이승민"
  ],
  "elapsed_seconds": 1094.1744027137756
}